<ImportExportXml xmlns:xsi="http://www.w3.org/2001/XMLSchema-instance">
  <Entities></Entities>
  <Roles></Roles>
  <Workflows></Workflows>
  <FieldSecurityProfiles></FieldSecurityProfiles>
  <Templates />
  <RibbonDiffXml>
    <CustomActions>
      <CustomAction Id="sw.ApplicationRibbon.{!EntityLogicalName}.copyLineItems.Button.CustomAction" Location="Mscrm.Form.{!EntityLogicalName}.MainTab.Collaborate.Controls._children" Sequence="60">
        <CommandUIDefinition>
          <Button Alt="$LocLabels:sw.ApplicationRibbon.copyLineItems.Button.Alt" Command="sw.ApplicationRibbon.copyLineItems.Command" Description="Copies opportunity line items from an existing opportunity" Id="sw.ApplicationRibbon.{!EntityLogicalName}.copyLineItems.Button" Image32by32="$webresource:sw_images/largeIcon.png" Image16by16="$webresource:sw_images/smallIcon.png" LabelText="$LocLabels:sw.ApplicationRibbon.copyLineItems.Button.LabelText" Sequence="60" TemplateAlias="o1" ToolTipTitle="$LocLabels:sw.ApplicationRibbon.copyLineItems.Button.ToolTipTitle" ToolTipDescription="$LocLabels:sw.ApplicationRibbon.copyLineItems.Button.ToolTipDescription" />
        </CommandUIDefinition>
      </CustomAction>
    </CustomActions>
    <Templates>
      <RibbonTemplates Id="Mscrm.Templates"></RibbonTemplates>
    </Templates>
    <CommandDefinitions>
      <CommandDefinition Id="sw.ApplicationRibbon.copyLineItems.Command">
        <EnableRules>
          <EnableRule Id="sw.ApplicationRibbon.EnableRule.EnableRule" />
        </EnableRules>
        <DisplayRules />
        <Actions>
          <JavaScriptFunction FunctionName="retrieveData" Library="$webresource:sw_scripts/copyOpportunityItems.js" />
        </Actions>
      </CommandDefinition>
    </CommandDefinitions>
    <RuleDefinitions>
      <TabDisplayRules />
      <DisplayRules />
      <EnableRules>
        <EnableRule Id="sw.ApplicationRibbon.EnableRule.EnableRule">
          <CustomRule FunctionName="controlCopyItemVisibility" Library="$webresource:sw_scripts/limitVisibilityToOpportunity" Default="false" />
        </EnableRule>
      </EnableRules>
    </RuleDefinitions>
    <LocLabels>
      <LocLabel Id="sw.ApplicationRibbon.copyLineItems.Button.Alt">
        <Titles>
          <Title description="Copy Line Items" languagecode="1033" />
        </Titles>
      </LocLabel>
      <LocLabel Id="sw.ApplicationRibbon.copyLineItems.Button.LabelText">
        <Titles>
          <Title description="Copy Line Items" languagecode="1033" />
        </Titles>
      </LocLabel>
      <LocLabel Id="sw.ApplicationRibbon.copyLineItems.Button.ToolTipDescription">
        <Titles>
          <Title description="Copies opportunity line items from an existing opportunity" languagecode="1033" />
        </Titles>
      </LocLabel>
      <LocLabel Id="sw.ApplicationRibbon.copyLineItems.Button.ToolTipTitle">
        <Titles>
          <Title description="Copy Line Items" languagecode="1033" />
        </Titles>
      </LocLabel>
    </LocLabels>
  </RibbonDiffXml>
  <EntityMaps />
  <EntityRelationships />
  <OrganizationSettings />
  <optionsets />
  <WebResources>
    <WebResource>
      <WebResourceId>{e190fe2d-36a7-e611-8110-00155d00030b}</WebResourceId>
      <Name>sw_libraries/SDK.REST.js</Name>
      <DisplayName>SDK.REST</DisplayName>
      <LanguageCode>1033</LanguageCode>
      <WebResourceType>3</WebResourceType>
      <IntroducedVersion>0.1</IntroducedVersion>
      <IsCustomizable>1</IsCustomizable>
      <CanBeDeleted>1</CanBeDeleted>
      <IsHidden>0</IsHidden>
      <FileName>/WebResources/sw_librariesSDKRESTjsE190FE2D-36A7-E611-8110-00155D00030B</FileName>
    </WebResource>
    <WebResource>
      <WebResourceId>{b248f97b-36a7-e611-8110-00155d00030b}</WebResourceId>
      <Name>sw_libraries/JSON2.js</Name>
      <DisplayName>JSON2</DisplayName>
      <WebResourceType>3</WebResourceType>
      <IntroducedVersion>0.1</IntroducedVersion>
      <IsCustomizable>1</IsCustomizable>
      <CanBeDeleted>1</CanBeDeleted>
      <IsHidden>0</IsHidden>
      <FileName>/WebResources/sw_librariesJSON2jsB248F97B-36A7-E611-8110-00155D00030B</FileName>
    </WebResource>
    <WebResource>
      <WebResourceId>{590c9497-36a7-e611-8110-00155d00030b}</WebResourceId>
      <Name>sw_scripts/copyOpportunityItems.js</Name>
      <DisplayName>Copy Opportunity Line Items</DisplayName>
      <Description>contains custom code that copies all line items from an existing opportunity</Description>
      <LanguageCode>1033</LanguageCode>
      <WebResourceType>3</WebResourceType>
      <IntroducedVersion>0.1</IntroducedVersion>
      <IsCustomizable>1</IsCustomizable>
      <CanBeDeleted>1</CanBeDeleted>
      <IsHidden>0</IsHidden>
      <FileName>/WebResources/sw_scriptscopyOpportunityItemsjs590C9497-36A7-E611-8110-00155D00030B</FileName>
    </WebResource>
    <WebResource>
      <WebResourceId>{13efd469-38a7-e611-8110-00155d00030b}</WebResourceId>
      <Name>sw_images/largeIcon.png</Name>
      <DisplayName>Large Icon</DisplayName>
      <WebResourceType>5</WebResourceType>
      <IntroducedVersion>0.1</IntroducedVersion>
      <IsCustomizable>1</IsCustomizable>
      <CanBeDeleted>1</CanBeDeleted>
      <IsHidden>0</IsHidden>
      <FileName>/WebResources/sw_imageslargeIconpng13EFD469-38A7-E611-8110-00155D00030B</FileName>
    </WebResource>
    <WebResource>
      <WebResourceId>{45ec198c-38a7-e611-8110-00155d00030b}</WebResourceId>
      <Name>sw_images/smallIcon.png</Name>
      <DisplayName>Small Icon</DisplayName>
      <LanguageCode>1033</LanguageCode>
      <WebResourceType>5</WebResourceType>
      <IntroducedVersion>0.1</IntroducedVersion>
      <IsCustomizable>1</IsCustomizable>
      <CanBeDeleted>1</CanBeDeleted>
      <IsHidden>0</IsHidden>
      <FileName>/WebResources/sw_imagessmallIconpng45EC198C-38A7-E611-8110-00155D00030B</FileName>
    </WebResource>
    <WebResource>
      <WebResourceId>{371ddf4a-82aa-e611-8110-00155d00030b}</WebResourceId>
      <Name>sw_scripts/limitVisibilityToOpportunity</Name>
      <DisplayName>Limit Copy items Button visibility</DisplayName>
      <WebResourceType>3</WebResourceType>
      <IntroducedVersion>1.1</IntroducedVersion>
      <IsCustomizable>1</IsCustomizable>
      <CanBeDeleted>1</CanBeDeleted>
      <IsHidden>0</IsHidden>
      <FileName>/WebResources/sw_scriptslimitVisibilityToOpportunity371DDF4A-82AA-E611-8110-00155D00030B</FileName>
    </WebResource>
  </WebResources>
  <Languages>
    <Language>1033</Language>
  </Languages>
</ImportExportXml>