<ImportExportXml version="6.1.0004.0145" SolutionPackageVersion="6.0" languagecode="1033" generatedBy="OnPremise" xmlns:xsi="http://www.w3.org/2001/XMLSchema-instance">
  <SolutionManifest>
    <UniqueName>addOpportunityProductsToNewOpp</UniqueName>
    <LocalizedNames>
      <LocalizedName description="Copy Opportunity Line Items" languagecode="1033" />
    </LocalizedNames>
    <Descriptions>
      <Description description="Adds a 'Copy Line items' button to the ellipses menu of the command bar in the opportunities entity. Allows you to copy all of the line items from a selected opportunity." languagecode="1033" />
    </Descriptions>
    <Version>1.2</Version>
    <Managed>1</Managed>
    <Publisher>
      <UniqueName>shaunwilkinson</UniqueName>
      <LocalizedNames>
        <LocalizedName description="Shaun Wilkinson" languagecode="1033" />
      </LocalizedNames>
      <Descriptions />
      <EMailAddress>shaundavidwilkinson+crmsolutions@gmail.com</EMailAddress>
      <SupportingWebsiteUrl>http://spandcrm.com</SupportingWebsiteUrl>
      <CustomizationPrefix>sw</CustomizationPrefix>
      <CustomizationOptionValuePrefix>26688</CustomizationOptionValuePrefix>
      <Addresses>
        <Address>
          <AddressNumber>1</AddressNumber>
          <AddressTypeCode>1</AddressTypeCode>
          <City xsi:nil="true"></City>
          <County xsi:nil="true"></County>
          <Country xsi:nil="true"></Country>
          <Fax xsi:nil="true"></Fax>
          <FreightTermsCode xsi:nil="true"></FreightTermsCode>
          <ImportSequenceNumber xsi:nil="true"></ImportSequenceNumber>
          <Latitude xsi:nil="true"></Latitude>
          <Line1 xsi:nil="true"></Line1>
          <Line2 xsi:nil="true"></Line2>
          <Line3 xsi:nil="true"></Line3>
          <Longitude xsi:nil="true"></Longitude>
          <Name xsi:nil="true"></Name>
          <PostalCode xsi:nil="true"></PostalCode>
          <PostOfficeBox xsi:nil="true"></PostOfficeBox>
          <PrimaryContactName xsi:nil="true"></PrimaryContactName>
          <ShippingMethodCode>1</ShippingMethodCode>
          <StateOrProvince xsi:nil="true"></StateOrProvince>
          <Telephone1 xsi:nil="true"></Telephone1>
          <Telephone2 xsi:nil="true"></Telephone2>
          <Telephone3 xsi:nil="true"></Telephone3>
          <TimeZoneRuleVersionNumber xsi:nil="true"></TimeZoneRuleVersionNumber>
          <UPSZone xsi:nil="true"></UPSZone>
          <UTCOffset xsi:nil="true"></UTCOffset>
          <UTCConversionTimeZoneCode xsi:nil="true"></UTCConversionTimeZoneCode>
        </Address>
        <Address>
          <AddressNumber>2</AddressNumber>
          <AddressTypeCode>1</AddressTypeCode>
          <City xsi:nil="true"></City>
          <County xsi:nil="true"></County>
          <Country xsi:nil="true"></Country>
          <Fax xsi:nil="true"></Fax>
          <FreightTermsCode xsi:nil="true"></FreightTermsCode>
          <ImportSequenceNumber xsi:nil="true"></ImportSequenceNumber>
          <Latitude xsi:nil="true"></Latitude>
          <Line1 xsi:nil="true"></Line1>
          <Line2 xsi:nil="true"></Line2>
          <Line3 xsi:nil="true"></Line3>
          <Longitude xsi:nil="true"></Longitude>
          <Name xsi:nil="true"></Name>
          <PostalCode xsi:nil="true"></PostalCode>
          <PostOfficeBox xsi:nil="true"></PostOfficeBox>
          <PrimaryContactName xsi:nil="true"></PrimaryContactName>
          <ShippingMethodCode>1</ShippingMethodCode>
          <StateOrProvince xsi:nil="true"></StateOrProvince>
          <Telephone1 xsi:nil="true"></Telephone1>
          <Telephone2 xsi:nil="true"></Telephone2>
          <Telephone3 xsi:nil="true"></Telephone3>
          <TimeZoneRuleVersionNumber xsi:nil="true"></TimeZoneRuleVersionNumber>
          <UPSZone xsi:nil="true"></UPSZone>
          <UTCOffset xsi:nil="true"></UTCOffset>
          <UTCConversionTimeZoneCode xsi:nil="true"></UTCConversionTimeZoneCode>
        </Address>
      </Addresses>
    </Publisher>
    <RootComponents>
      <RootComponent type="50" schemaName=":RibbonDiffXml" />
      <RootComponent type="61" schemaName="sw_images/largeIcon.png" />
      <RootComponent type="61" schemaName="sw_images/smallIcon.png" />
      <RootComponent type="61" schemaName="sw_libraries/JSON2.js" />
      <RootComponent type="61" schemaName="sw_libraries/SDK.REST.js" />
      <RootComponent type="61" schemaName="sw_scripts/copyOpportunityItems.js" />
      <RootComponent type="61" schemaName="sw_scripts/limitVisibilityToOpportunity" />
    </RootComponents>
    <MissingDependencies />
  </SolutionManifest>
</ImportExportXml>